Task ID,Project Name,Task Title,Sprint,Owner / Project Manager,Department,Priority,Status,Progress (%),Estimated Hours,Actual Hours,Allocated Budget ($),Actual Spend ($),Variance ($),Start Date,Due Date,Risk Level,Team Members,Blocker Details
TASK-001,Nexus Cloud Core,Distributed Multi-Region Redis Cluster & Invalidation Shield (Part 1),Sprint 20,David Kim,Backend Architecture,Critical,Blocked,8,40,4,15000,1500,-13500,2026-08-10,2026-10-05,Critical,2,Awaiting InfoSec compliance sign-off
TASK-002,FinTech Payment Hub,PCI DSS v4.0 HSM Key Management & Token Vault Rotation (Part 2),Sprint 20,Priya Sharma,Data Science,Critical,Blocked,12,50,8,20000,3000,-17000,2026-08-11,2026-10-06,Critical,3,Vendor integration failure on payment webhook
TASK-003,AI Predictive Engine,Zero-Downtime PostgreSQL Schema Migration with pg_repack (Part 3),Sprint 20,Marcus Brody,DevSecOps,Critical,In Progress,15,60,12,25000,4688,-20312,2026-08-12,2026-10-07,Critical,4,None
TASK-004,CyberSec Zero-Trust Guard,High-Throughput Kafka Partition Rebalance & MirrorMaker Sync (Part 4),Sprint 20,Alex Rivera,Frontend Engineering,Critical,Blocked,18,70,16,30000,6750,-23250,2026-08-13,2026-10-08,Critical,5,Third-party OAuth2 identity provider outage
TASK-005,Omnichannel Mobile Suite,Real-Time Fraud Detection LightGBM Inference Microservice (Part 1),Sprint 20,Elena Rostova,Quality Assurance,Critical,Blocked,20,80,21,35000,8750,-26250,2026-08-14,2026-10-09,Critical,6,Pending legal sign-off on GDPR data transfer agreement
TASK-006,Data Lakehouse 2.0,Multi-Gateway Stripe & Adyen Automatic Failover Router (Part 2),Sprint 20,James Wilson,Mobile Development,Critical,Completed,22,90,26,40000,11000,-29000,2026-08-15,2026-10-10,Critical,7,None
TASK-007,Customer Portal 360,OAuth2.1 & OpenID Connect PKCE Identity Federation Layer (Part 3),Sprint 20,Carlos Mendez,Infrastructure & Cloud,Critical,Blocked,24,100,31,45000,13500,-31500,2026-08-16,2026-10-11,Low,2,Hardware accelerator / GPU quota allocation denied in us-east-1
TASK-008,Edge IoT Telemetry Platform,FastAPI & ONNX Runtime Model Serving with CUDA Acceleration (Part 4),Sprint 20,Maya Lin,DevSecOps,Critical,Blocked,25,110,36,50000,15625,-34375,2026-08-17,2026-10-12,Critical,3,API rate limit exceeded on enterprise clearinghouse gateway
TASK-009,Nexus Cloud Core,Automated Feature Store Ingestion & Validation Pipeline (Part 1),Sprint 20,Tariq Vance,Data Science,Critical,Blocked,27,40,14,55000,18563,-36437,2026-08-18,2026-10-13,Critical,4,SOC2 Type II penetration testing remediation in progress
TASK-010,FinTech Payment Hub,mTLS Service-to-Service Encryption with Envoy Sidecars (Part 2),Sprint 20,Sophia Chen,Product & Design,Critical,In Progress,28,50,18,60000,21000,-39000,2026-08-19,2026-10-14,Low,5,None
TASK-011,AI Predictive Engine,Container Vulnerability Scanning & SBOM Generation Pipeline (Part 3),Sprint 20,David Kim,Backend Architecture,Critical,Blocked,8,60,6,65000,6500,-58500,2026-08-10,2026-10-15,Critical,6,Unresolved merge collision in core cryptography subsystem
TASK-012,CyberSec Zero-Trust Guard,Automated Blue-Green Deployment Controller for Kubernetes (Part 4),Sprint 20,Priya Sharma,Data Science,Critical,Blocked,12,70,11,70000,10500,-59500,2026-08-11,2026-10-16,Critical,7,Staging environment SAN storage hardware failure
TASK-013,Omnichannel Mobile Suite,Synthetic Data Generator for Anonymized Privacy Shield (Part 1),Sprint 20,Marcus Brody,DevSecOps,Critical,In Progress,15,80,16,15000,2813,-12187,2026-08-12,2026-10-17,Critical,2,None
TASK-014,Data Lakehouse 2.0,Next.js 15 Server Actions & Edge Middleware Caching Layer (Part 2),Sprint 20,Alex Rivera,Frontend Engineering,Critical,Blocked,18,90,21,20000,4500,-15500,2026-08-13,2026-10-18,High,3,Vendor integration failure on payment webhook
TASK-015,Customer Portal 360,Real-Time WebSocket Heartbeat & Connection Recovery Pool (Part 3),Sprint 20,Elena Rostova,Quality Assurance,Critical,Blocked,20,100,26,25000,6250,-18750,2026-08-14,2026-10-19,Critical,4,Cross-region network partition latency exceeding SLA
TASK-016,FinTech Payment Hub,Role-Based Access Control (RBAC) Granular Policy Engine (Part 4),Sprint 21,James Wilson,Mobile Development,High,Completed,100,110,131,30000,37500,7500,2026-08-05,2026-10-20,High,5,None
TASK-017,Nexus Cloud Core,Automated Canary Release Routing with Argo Rollouts (Part 1),Sprint 21,Carlos Mendez,Infrastructure & Cloud,Critical,In Progress,71,40,49,35000,45500,10500,2026-08-06,2026-10-21,High,6,None
TASK-018,FinTech Payment Hub,Snowflake Data Warehouse Reverse ETL Streaming Pipeline (Part 2),Sprint 21,Maya Lin,DevSecOps,High,In Progress,72,50,64,40000,54000,14000,2026-08-07,2026-10-22,High,7,None
TASK-019,AI Predictive Engine,GraphQL Federation Gateway Schema Merging & Query Planner (Part 3),Sprint 21,Tariq Vance,Data Science,Critical,Completed,100,60,80,45000,63000,18000,2026-08-08,2026-10-23,High,2,None
TASK-020,FinTech Payment Hub,WebRTC Ultra-Low Latency Audio/Video Streaming Bridge (Part 4),Sprint 21,Sophia Chen,Product & Design,High,In Progress,74,70,96,50000,72500,22500,2026-08-09,2026-10-24,High,3,None
TASK-021,Omnichannel Mobile Suite,Elasticsearch Multi-Cluster Cross-Index Search Optimizer (Part 1),Sprint 21,David Kim,Backend Architecture,Critical,In Progress,75,80,112,55000,81400,26400,2026-08-10,2026-10-15,High,4,None
TASK-022,FinTech Payment Hub,Prometheus & OpenTelemetry Metrics Aggregator Exporter (Part 2),Sprint 21,Priya Sharma,Data Science,High,Completed,100,90,128,60000,90000,30000,2026-08-11,2026-10-16,High,5,None
TASK-023,Customer Portal 360,Disaster Recovery Cross-Region Snapshot Synchronization (Part 3),Sprint 21,Marcus Brody,DevSecOps,Critical,In Progress,77,100,131,65000,89700,24700,2026-08-12,2026-10-17,High,6,None
TASK-024,FinTech Payment Hub,Mobile Push Notification Orchestration Engine via APNs/FCM (Part 4),Sprint 21,Alex Rivera,Frontend Engineering,High,In Progress,78,110,148,70000,99400,29400,2026-08-13,2026-10-18,High,7,None
TASK-025,Nexus Cloud Core,Automated Playwright End-to-End Regression Test Suite (Part 1),Sprint 21,Elena Rostova,Quality Assurance,Critical,Completed,100,40,55,15000,21900,6900,2026-08-14,2026-10-19,High,2,None
TASK-026,FinTech Payment Hub,Cloud Cost Allocation & Reserved Instance Optimization (Part 2),Sprint 21,James Wilson,Mobile Development,High,In Progress,80,50,59,20000,25000,5000,2026-08-15,2026-10-20,High,3,None
TASK-027,AI Predictive Engine,Idempotent Event Sourcing Ledger for Transaction Audits (Part 3),Sprint 21,Carlos Mendez,Infrastructure & Cloud,Critical,In Progress,81,60,74,25000,32500,7500,2026-08-16,2026-10-21,High,4,None
TASK-028,FinTech Payment Hub,Dynamic Configuration Hot-Reload Daemon with Consul (Part 4),Sprint 21,Maya Lin,DevSecOps,High,Completed,100,70,90,30000,40500,10500,2026-08-17,2026-10-22,High,5,None
TASK-029,Omnichannel Mobile Suite,Terraform Multi-Cloud Infrastructure as Code Module Set (Part 1),Sprint 21,Tariq Vance,Data Science,Critical,Blocked,83,80,106,35000,49000,14000,2026-08-18,2026-10-23,High,6,Upstream DB migration schema deadlock on replica
TASK-030,FinTech Payment Hub,Customer Churn Hazard Prediction Model v3 Deployment (Part 2),Sprint 21,Sophia Chen,Product & Design,High,In Progress,84,90,124,40000,58000,18000,2026-08-19,2026-10-24,High,7,None
TASK-031,Customer Portal 360,Distributed Multi-Region Redis Cluster & Invalidation Shield (Part 3),Sprint 22,David Kim,Backend Architecture,Critical,Completed,100,100,141,45000,66600,21600,2026-08-05,2026-10-15,High,2,None
TASK-032,FinTech Payment Hub,PCI DSS v4.0 HSM Key Management & Token Vault Rotation (Part 4),Sprint 22,Priya Sharma,Data Science,High,In Progress,86,110,157,50000,75000,25000,2026-08-06,2026-10-16,High,3,None
TASK-033,Nexus Cloud Core,Zero-Downtime PostgreSQL Schema Migration with pg_repack (Part 1),Sprint 22,Marcus Brody,DevSecOps,Critical,In Progress,87,40,52,55000,75900,20900,2026-08-07,2026-10-17,High,4,None
TASK-034,FinTech Payment Hub,High-Throughput Kafka Partition Rebalance & MirrorMaker Sync (Part 2),Sprint 22,Alex Rivera,Frontend Engineering,High,Completed,100,50,67,60000,85200,25200,2026-08-08,2026-10-18,High,5,None
TASK-035,AI Predictive Engine,Real-Time Fraud Detection LightGBM Inference Microservice (Part 3),Sprint 22,Elena Rostova,Quality Assurance,Critical,In Progress,89,60,83,65000,94900,29900,2026-08-09,2026-10-19,High,6,None
TASK-036,FinTech Payment Hub,Multi-Gateway Stripe & Adyen Automatic Failover Router (Part 4),Sprint 22,James Wilson,Mobile Development,High,In Progress,90,70,83,70000,87500,17500,2026-08-10,2026-10-20,High,7,None
TASK-037,Omnichannel Mobile Suite,OAuth2.1 & OpenID Connect PKCE Identity Federation Layer (Part 1),Sprint 22,Carlos Mendez,Infrastructure & Cloud,Critical,Completed,100,80,99,15000,19500,4500,2026-08-11,2026-10-21,High,2,None
TASK-038,FinTech Payment Hub,FastAPI & ONNX Runtime Model Serving with CUDA Acceleration (Part 2),Sprint 22,Maya Lin,DevSecOps,High,In Progress,92,90,115,20000,27000,7000,2026-08-12,2026-10-22,High,3,None
TASK-039,Customer Portal 360,Automated Feature Store Ingestion & Validation Pipeline (Part 3),Sprint 22,Sarah Connor,Backend Architecture,Critical,Blocked,35,75,60,25000,18750,-6250,2026-09-01,2026-10-10,Critical,4,Cross-region network partition latency exceeding SLA
TASK-040,Edge IoT Telemetry Platform,mTLS Service-to-Service Encryption with Envoy Sidecars (Part 4),Sprint 22,Sarah Connor,Backend Architecture,Critical,In Progress,39,80,64,30000,22500,-7500,2026-09-01,2026-10-11,High,5,None
TASK-041,Nexus Cloud Core,Container Vulnerability Scanning & SBOM Generation Pipeline (Part 1),Sprint 22,Sarah Connor,Backend Architecture,Critical,In Progress,43,85,68,35000,26250,-8750,2026-09-02,2026-10-12,Critical,6,None
TASK-042,FinTech Payment Hub,Automated Blue-Green Deployment Controller for Kubernetes (Part 2),Sprint 22,Sarah Connor,Backend Architecture,Critical,In Progress,47,90,72,40000,30000,-10000,2026-09-02,2026-10-13,High,7,None
TASK-043,AI Predictive Engine,Synthetic Data Generator for Anonymized Privacy Shield (Part 3),Sprint 22,Sarah Connor,Backend Architecture,Critical,In Progress,51,95,76,45000,33750,-11250,2026-09-03,2026-10-14,Critical,2,None
TASK-044,CyberSec Zero-Trust Guard,Next.js 15 Server Actions & Edge Middleware Caching Layer (Part 4),Sprint 22,Sarah Connor,Backend Architecture,Critical,In Progress,55,100,80,50000,37500,-12500,2026-09-03,2026-10-15,High,3,None
TASK-045,Omnichannel Mobile Suite,Real-Time WebSocket Heartbeat & Connection Recovery Pool (Part 1),Sprint 22,Sarah Connor,Backend Architecture,Critical,In Progress,59,105,84,55000,41250,-13750,2026-09-04,2026-10-16,Critical,4,None
TASK-046,Data Lakehouse 2.0,Role-Based Access Control (RBAC) Granular Policy Engine (Part 2),Sprint 23,Sarah Connor,Backend Architecture,Critical,In Progress,63,110,88,60000,45000,-15000,2026-09-04,2026-10-17,High,5,None
TASK-047,Customer Portal 360,Automated Canary Release Routing with Argo Rollouts (Part 3),Sprint 23,Sarah Connor,Backend Architecture,Critical,In Progress,67,115,92,65000,48750,-16250,2026-09-05,2026-10-18,Critical,6,None
TASK-048,Edge IoT Telemetry Platform,Snowflake Data Warehouse Reverse ETL Streaming Pipeline (Part 4),Sprint 23,Sarah Connor,Backend Architecture,Critical,In Progress,71,120,96,70000,52500,-17500,2026-09-05,2026-10-19,High,7,None
TASK-049,Nexus Cloud Core,GraphQL Federation Gateway Schema Merging & Query Planner (Part 1),Sprint 23,Sarah Connor,Backend Architecture,Critical,In Progress,75,125,100,15000,11250,-3750,2026-09-06,2026-10-20,Critical,2,None
TASK-050,FinTech Payment Hub,WebRTC Ultra-Low Latency Audio/Video Streaming Bridge (Part 2),Sprint 23,Sarah Connor,Backend Architecture,Critical,In Progress,79,130,104,20000,15000,-5000,2026-09-06,2026-10-21,High,3,None
TASK-051,AI Predictive Engine,Elasticsearch Multi-Cluster Cross-Index Search Optimizer (Part 3),Sprint 23,Sarah Connor,Backend Architecture,Critical,In Progress,83,135,108,25000,18750,-6250,2026-09-07,2026-10-22,Critical,4,None
TASK-052,CyberSec Zero-Trust Guard,Prometheus & OpenTelemetry Metrics Aggregator Exporter (Part 4),Sprint 23,Sarah Connor,Backend Architecture,Critical,In Progress,87,140,112,30000,22500,-7500,2026-09-07,2026-10-23,High,5,None
TASK-053,Omnichannel Mobile Suite,Disaster Recovery Cross-Region Snapshot Synchronization (Part 1),Sprint 23,Sarah Connor,Backend Architecture,Critical,In Progress,91,145,116,35000,26250,-8750,2026-09-08,2026-10-24,Critical,6,None
TASK-054,Data Lakehouse 2.0,Mobile Push Notification Orchestration Engine via APNs/FCM (Part 2),Sprint 23,Alex Rivera,Frontend Engineering,High,In Progress,45,90,122,40000,44000,4000,2026-08-01,2026-09-15,High,7,None
TASK-055,Customer Portal 360,Automated Playwright End-to-End Regression Test Suite (Part 3),Sprint 23,Elena Rostova,Quality Assurance,High,In Progress,51,100,140,45000,49500,4500,2026-08-02,2026-09-16,High,2,None
TASK-056,Edge IoT Telemetry Platform,Cloud Cost Allocation & Reserved Instance Optimization (Part 4),Sprint 23,James Wilson,Mobile Development,High,In Progress,57,110,160,50000,55000,5000,2026-08-03,2026-09-17,High,3,None
TASK-057,Nexus Cloud Core,Idempotent Event Sourcing Ledger for Transaction Audits (Part 1),Sprint 23,Carlos Mendez,Infrastructure & Cloud,High,In Progress,63,40,60,55000,60500,5500,2026-08-04,2026-09-18,High,4,None
TASK-058,FinTech Payment Hub,Dynamic Configuration Hot-Reload Daemon with Consul (Part 2),Sprint 23,Maya Lin,DevSecOps,High,In Progress,69,50,78,60000,66000,6000,2026-08-05,2026-09-19,High,5,None
TASK-059,AI Predictive Engine,Terraform Multi-Cloud Infrastructure as Code Module Set (Part 3),Sprint 23,Tariq Vance,Data Science,High,Completed,45,60,96,65000,71500,6500,2026-08-06,2026-09-20,High,6,None
TASK-060,CyberSec Zero-Trust Guard,Customer Churn Hazard Prediction Model v3 Deployment (Part 4),Sprint 23,Sophia Chen,Product & Design,High,In Progress,51,70,116,70000,77000,7000,2026-08-07,2026-09-21,High,7,None
TASK-061,Omnichannel Mobile Suite,Distributed Multi-Region Redis Cluster & Invalidation Shield (Part 1),Sprint 24,David Kim,Backend Architecture,High,In Progress,57,80,136,15000,16500,1500,2026-08-08,2026-09-22,High,2,None
TASK-062,Data Lakehouse 2.0,PCI DSS v4.0 HSM Key Management & Token Vault Rotation (Part 2),Sprint 24,Priya Sharma,Data Science,High,In Progress,63,90,158,20000,22000,2000,2026-08-09,2026-09-23,High,3,None
TASK-063,Customer Portal 360,Zero-Downtime PostgreSQL Schema Migration with pg_repack (Part 3),Sprint 24,Marcus Brody,DevSecOps,High,In Progress,69,100,180,25000,27500,2500,2026-08-10,2026-09-24,High,4,None
TASK-064,Edge IoT Telemetry Platform,High-Throughput Kafka Partition Rebalance & MirrorMaker Sync (Part 4),Sprint 24,Alex Rivera,Frontend Engineering,High,In Progress,45,110,149,30000,33000,3000,2026-08-01,2026-09-25,High,5,None
TASK-065,Nexus Cloud Core,Real-Time Fraud Detection LightGBM Inference Microservice (Part 1),Sprint 24,Elena Rostova,Quality Assurance,High,In Progress,51,40,56,35000,38500,3500,2026-08-02,2026-09-26,High,6,None
TASK-066,FinTech Payment Hub,Multi-Gateway Stripe & Adyen Automatic Failover Router (Part 2),Sprint 24,James Wilson,Mobile Development,High,In Progress,57,50,73,40000,44000,4000,2026-08-03,2026-09-15,High,7,None
TASK-067,AI Predictive Engine,OAuth2.1 & OpenID Connect PKCE Identity Federation Layer (Part 3),Sprint 24,Carlos Mendez,Infrastructure & Cloud,High,In Progress,63,60,90,45000,49500,4500,2026-08-04,2026-09-16,High,2,None
TASK-068,CyberSec Zero-Trust Guard,FastAPI & ONNX Runtime Model Serving with CUDA Acceleration (Part 4),Sprint 24,Maya Lin,DevSecOps,High,In Progress,69,70,109,50000,55000,5000,2026-08-05,2026-09-17,High,3,None
TASK-069,Omnichannel Mobile Suite,Automated Feature Store Ingestion & Validation Pipeline (Part 1),Sprint 24,Tariq Vance,Data Science,High,Completed,100,80,74,55000,51700,-3300,2026-07-05,2026-08-15,Low,4,None
TASK-070,Data Lakehouse 2.0,mTLS Service-to-Service Encryption with Envoy Sidecars (Part 2),Sprint 24,Sophia Chen,Product & Design,Medium,Completed,100,90,85,60000,57300,-2700,2026-07-07,2026-08-17,Low,5,None
TASK-071,Customer Portal 360,Container Vulnerability Scanning & SBOM Generation Pipeline (Part 3),Sprint 24,David Kim,Backend Architecture,High,Completed,100,100,96,65000,63050,-1950,2026-07-09,2026-08-19,Low,6,None
TASK-072,Edge IoT Telemetry Platform,Automated Blue-Green Deployment Controller for Kubernetes (Part 4),Sprint 24,Priya Sharma,Data Science,Medium,Completed,100,110,108,70000,68950,-1050,2026-07-11,2026-08-21,Low,7,None
TASK-073,Nexus Cloud Core,Synthetic Data Generator for Anonymized Privacy Shield (Part 1),Sprint 24,Marcus Brody,DevSecOps,High,Completed,100,40,40,15000,15000,0,2026-07-13,2026-08-23,Low,2,None
TASK-074,FinTech Payment Hub,Next.js 15 Server Actions & Edge Middleware Caching Layer (Part 2),Sprint 24,Alex Rivera,Frontend Engineering,Medium,Blocked,75,50,38,20000,14250,-5750,2026-08-15,2026-10-20,Low,3,Awaiting InfoSec compliance sign-off
TASK-075,AI Predictive Engine,Real-Time WebSocket Heartbeat & Connection Recovery Pool (Part 3),Sprint 24,Elena Rostova,Quality Assurance,High,In Progress,82,60,49,25000,19475,-5525,2026-08-16,2026-10-21,Low,4,None
TASK-076,CyberSec Zero-Trust Guard,Role-Based Access Control (RBAC) Granular Policy Engine (Part 4),Sprint 25,James Wilson,Mobile Development,Medium,In Progress,89,70,62,30000,25365,-4635,2026-08-17,2026-10-22,Medium,5,None
TASK-077,Omnichannel Mobile Suite,Automated Canary Release Routing with Argo Rollouts (Part 1),Sprint 25,Carlos Mendez,Infrastructure & Cloud,Medium,Planned,0,80,0,35000,0,-35000,2026-10-18,2026-12-18,Low,6,None
TASK-078,Data Lakehouse 2.0,Snowflake Data Warehouse Reverse ETL Streaming Pipeline (Part 2),Sprint 25,Maya Lin,DevSecOps,Medium,Planned,0,90,0,40000,0,-40000,2026-10-19,2026-12-19,Low,7,None
TASK-079,Customer Portal 360,GraphQL Federation Gateway Schema Merging & Query Planner (Part 3),Sprint 25,Tariq Vance,Data Science,High,Completed,100,100,92,45000,42300,-2700,2026-07-05,2026-08-15,Low,2,None
TASK-080,Edge IoT Telemetry Platform,WebRTC Ultra-Low Latency Audio/Video Streaming Bridge (Part 4),Sprint 25,Sophia Chen,Product & Design,Medium,Completed,100,110,103,50000,47750,-2250,2026-07-07,2026-08-17,Low,3,None
TASK-081,Nexus Cloud Core,Elasticsearch Multi-Cluster Cross-Index Search Optimizer (Part 1),Sprint 25,David Kim,Backend Architecture,High,Completed,100,40,38,55000,53350,-1650,2026-07-09,2026-08-19,Low,4,None
TASK-082,FinTech Payment Hub,Prometheus & OpenTelemetry Metrics Aggregator Exporter (Part 2),Sprint 25,Priya Sharma,Data Science,Medium,Completed,100,50,49,60000,59100,-900,2026-07-11,2026-08-21,Low,5,None
TASK-083,AI Predictive Engine,Disaster Recovery Cross-Region Snapshot Synchronization (Part 3),Sprint 25,Marcus Brody,DevSecOps,High,Completed,100,60,60,65000,65000,0,2026-07-13,2026-08-23,Low,6,None
TASK-084,CyberSec Zero-Trust Guard,Mobile Push Notification Orchestration Engine via APNs/FCM (Part 4),Sprint 25,Alex Rivera,Frontend Engineering,Medium,In Progress,75,70,53,70000,49875,-20125,2026-08-15,2026-10-20,Low,7,None
TASK-085,Omnichannel Mobile Suite,Automated Playwright End-to-End Regression Test Suite (Part 1),Sprint 25,Elena Rostova,Quality Assurance,High,In Progress,82,80,66,15000,11685,-3315,2026-08-16,2026-10-21,Low,2,None
TASK-086,Data Lakehouse 2.0,Cloud Cost Allocation & Reserved Instance Optimization (Part 2),Sprint 25,James Wilson,Mobile Development,Medium,In Progress,89,90,80,20000,16910,-3090,2026-08-17,2026-10-22,Medium,3,None
TASK-087,Customer Portal 360,Idempotent Event Sourcing Ledger for Transaction Audits (Part 3),Sprint 25,Carlos Mendez,Infrastructure & Cloud,Medium,Planned,0,100,0,25000,0,-25000,2026-10-18,2026-12-18,Low,4,None
TASK-088,Edge IoT Telemetry Platform,Dynamic Configuration Hot-Reload Daemon with Consul (Part 4),Sprint 25,Maya Lin,DevSecOps,Medium,Planned,0,110,0,30000,0,-30000,2026-10-19,2026-12-19,Low,5,None
TASK-089,Nexus Cloud Core,Terraform Multi-Cloud Infrastructure as Code Module Set (Part 1),Sprint 25,Tariq Vance,Data Science,High,Completed,100,40,37,35000,32900,-2100,2026-07-05,2026-08-15,Low,6,None
TASK-090,FinTech Payment Hub,Customer Churn Hazard Prediction Model v3 Deployment (Part 2),Sprint 25,Sophia Chen,Product & Design,Medium,Completed,100,50,47,40000,38200,-1800,2026-07-07,2026-08-17,Low,7,None
TASK-091,AI Predictive Engine,Distributed Multi-Region Redis Cluster & Invalidation Shield (Part 3),Sprint 26,David Kim,Backend Architecture,High,Completed,100,60,58,45000,43650,-1350,2026-07-09,2026-08-19,Low,2,None
TASK-092,CyberSec Zero-Trust Guard,PCI DSS v4.0 HSM Key Management & Token Vault Rotation (Part 4),Sprint 26,Priya Sharma,Data Science,Medium,Completed,100,70,69,50000,49250,-750,2026-07-11,2026-08-21,Low,3,None
TASK-093,Omnichannel Mobile Suite,Zero-Downtime PostgreSQL Schema Migration with pg_repack (Part 1),Sprint 26,Marcus Brody,DevSecOps,High,Completed,100,80,80,55000,55000,0,2026-07-13,2026-08-23,Low,4,None
TASK-094,Data Lakehouse 2.0,High-Throughput Kafka Partition Rebalance & MirrorMaker Sync (Part 2),Sprint 26,Alex Rivera,Frontend Engineering,Medium,In Progress,75,90,68,60000,42750,-17250,2026-08-15,2026-10-20,Low,5,None
TASK-095,Customer Portal 360,Real-Time Fraud Detection LightGBM Inference Microservice (Part 3),Sprint 26,Elena Rostova,Quality Assurance,High,In Progress,82,100,82,65000,50635,-14365,2026-08-16,2026-10-21,Low,6,None
TASK-096,Edge IoT Telemetry Platform,Multi-Gateway Stripe & Adyen Automatic Failover Router (Part 4),Sprint 26,James Wilson,Mobile Development,Medium,In Progress,89,110,98,70000,59185,-10815,2026-08-17,2026-10-22,Medium,7,None
TASK-097,Nexus Cloud Core,OAuth2.1 & OpenID Connect PKCE Identity Federation Layer (Part 1),Sprint 26,Carlos Mendez,Infrastructure & Cloud,Medium,Planned,0,40,0,15000,0,-15000,2026-10-18,2026-12-18,Low,2,None
TASK-098,FinTech Payment Hub,FastAPI & ONNX Runtime Model Serving with CUDA Acceleration (Part 2),Sprint 26,Maya Lin,DevSecOps,Medium,Planned,0,50,0,20000,0,-20000,2026-10-19,2026-12-19,Low,3,None
TASK-099,AI Predictive Engine,Automated Feature Store Ingestion & Validation Pipeline (Part 3),Sprint 26,Tariq Vance,Data Science,High,Completed,100,60,55,25000,23500,-1500,2026-07-05,2026-08-15,Low,4,None
TASK-100,CyberSec Zero-Trust Guard,mTLS Service-to-Service Encryption with Envoy Sidecars (Part 4),Sprint 26,Sophia Chen,Product & Design,Medium,Completed,100,70,66,30000,28650,-1350,2026-07-07,2026-08-17,Low,5,None
TASK-101,Omnichannel Mobile Suite,Container Vulnerability Scanning & SBOM Generation Pipeline (Part 1),Sprint 26,David Kim,Backend Architecture,High,Completed,100,80,77,35000,33950,-1050,2026-07-09,2026-08-19,Low,6,None
TASK-102,Data Lakehouse 2.0,Automated Blue-Green Deployment Controller for Kubernetes (Part 2),Sprint 26,Priya Sharma,Data Science,Medium,Completed,100,90,88,40000,39400,-600,2026-07-11,2026-08-21,Low,7,None
TASK-103,Customer Portal 360,Synthetic Data Generator for Anonymized Privacy Shield (Part 3),Sprint 26,Marcus Brody,DevSecOps,High,Completed,100,100,100,45000,45000,0,2026-07-13,2026-08-23,Low,2,None
TASK-104,Edge IoT Telemetry Platform,Next.js 15 Server Actions & Edge Middleware Caching Layer (Part 4),Sprint 26,Alex Rivera,Frontend Engineering,Medium,In Progress,75,110,83,50000,35625,-14375,2026-08-15,2026-10-20,Low,3,None
TASK-105,Nexus Cloud Core,Real-Time WebSocket Heartbeat & Connection Recovery Pool (Part 1),Sprint 26,Elena Rostova,Quality Assurance,High,In Progress,82,40,33,55000,42845,-12155,2026-08-16,2026-10-21,Low,4,None
TASK-106,FinTech Payment Hub,Role-Based Access Control (RBAC) Granular Policy Engine (Part 2),Sprint 27,James Wilson,Mobile Development,Medium,In Progress,89,50,45,60000,50730,-9270,2026-08-17,2026-10-22,Medium,5,None
TASK-107,AI Predictive Engine,Automated Canary Release Routing with Argo Rollouts (Part 3),Sprint 27,Carlos Mendez,Infrastructure & Cloud,Medium,Planned,0,60,0,65000,0,-65000,2026-10-18,2026-12-18,Low,6,None
TASK-108,CyberSec Zero-Trust Guard,Snowflake Data Warehouse Reverse ETL Streaming Pipeline (Part 4),Sprint 27,Maya Lin,DevSecOps,Medium,Planned,0,70,0,70000,0,-70000,2026-10-19,2026-12-19,Low,7,None
TASK-109,Omnichannel Mobile Suite,GraphQL Federation Gateway Schema Merging & Query Planner (Part 1),Sprint 27,Tariq Vance,Data Science,High,Completed,100,80,74,15000,14100,-900,2026-07-05,2026-08-15,Low,2,None
TASK-110,Data Lakehouse 2.0,WebRTC Ultra-Low Latency Audio/Video Streaming Bridge (Part 2),Sprint 27,Sophia Chen,Product & Design,Medium,Completed,100,90,85,20000,19100,-900,2026-07-07,2026-08-17,Low,3,None
TASK-111,Customer Portal 360,Elasticsearch Multi-Cluster Cross-Index Search Optimizer (Part 3),Sprint 27,David Kim,Backend Architecture,High,Completed,100,100,96,25000,24250,-750,2026-07-09,2026-08-19,Low,4,None
TASK-112,Edge IoT Telemetry Platform,Prometheus & OpenTelemetry Metrics Aggregator Exporter (Part 4),Sprint 27,Priya Sharma,Data Science,Medium,Completed,100,110,108,30000,29550,-450,2026-07-11,2026-08-21,Low,5,None
TASK-113,Nexus Cloud Core,Disaster Recovery Cross-Region Snapshot Synchronization (Part 1),Sprint 27,Marcus Brody,DevSecOps,High,Completed,100,40,40,35000,35000,0,2026-07-13,2026-08-23,Low,6,None
TASK-114,FinTech Payment Hub,Mobile Push Notification Orchestration Engine via APNs/FCM (Part 2),Sprint 27,Alex Rivera,Frontend Engineering,Medium,In Progress,75,50,38,40000,28500,-11500,2026-08-15,2026-10-20,Low,7,None
TASK-115,AI Predictive Engine,Automated Playwright End-to-End Regression Test Suite (Part 3),Sprint 27,Elena Rostova,Quality Assurance,High,In Progress,82,60,49,45000,35055,-9945,2026-08-16,2026-10-21,Low,2,None
TASK-116,CyberSec Zero-Trust Guard,Cloud Cost Allocation & Reserved Instance Optimization (Part 4),Sprint 27,James Wilson,Mobile Development,Medium,In Progress,89,70,62,50000,42275,-7725,2026-08-17,2026-10-22,Medium,3,None
TASK-117,Omnichannel Mobile Suite,Idempotent Event Sourcing Ledger for Transaction Audits (Part 1),Sprint 27,Carlos Mendez,Infrastructure & Cloud,Medium,Planned,0,80,0,55000,0,-55000,2026-10-18,2026-12-18,Low,4,None
TASK-118,Data Lakehouse 2.0,Dynamic Configuration Hot-Reload Daemon with Consul (Part 2),Sprint 27,Maya Lin,DevSecOps,Medium,Planned,0,90,0,60000,0,-60000,2026-10-19,2026-12-19,Low,5,None
TASK-119,Customer Portal 360,Terraform Multi-Cloud Infrastructure as Code Module Set (Part 3),Sprint 27,Tariq Vance,Data Science,High,Completed,100,100,92,65000,61100,-3900,2026-07-05,2026-08-15,Low,6,None
TASK-120,Edge IoT Telemetry Platform,Customer Churn Hazard Prediction Model v3 Deployment (Part 4),Sprint 27,Sophia Chen,Product & Design,Medium,Blocked,100,110,103,70000,66850,-3150,2026-07-07,2026-08-17,Low,7,Awaiting client architecture board security clearance
TASK-121,Nexus Cloud Core,Distributed Multi-Region Redis Cluster & Invalidation Shield (Part 1),Sprint 28,David Kim,Backend Architecture,High,Completed,100,40,38,15000,14550,-450,2026-07-09,2026-08-19,Low,2,None
TASK-122,FinTech Payment Hub,PCI DSS v4.0 HSM Key Management & Token Vault Rotation (Part 2),Sprint 28,Priya Sharma,Data Science,Medium,Completed,100,50,49,20000,19700,-300,2026-07-11,2026-08-21,Low,3,None
TASK-123,AI Predictive Engine,Zero-Downtime PostgreSQL Schema Migration with pg_repack (Part 3),Sprint 28,Marcus Brody,DevSecOps,High,Completed,100,60,60,25000,25000,0,2026-07-13,2026-08-23,Low,4,None
TASK-124,CyberSec Zero-Trust Guard,High-Throughput Kafka Partition Rebalance & MirrorMaker Sync (Part 4),Sprint 28,Alex Rivera,Frontend Engineering,Medium,In Progress,75,70,53,30000,21375,-8625,2026-08-15,2026-10-20,Low,5,None
TASK-125,Omnichannel Mobile Suite,Real-Time Fraud Detection LightGBM Inference Microservice (Part 1),Sprint 28,Elena Rostova,Quality Assurance,High,In Progress,82,80,66,35000,27265,-7735,2026-08-16,2026-10-21,Low,6,None
TASK-126,Data Lakehouse 2.0,Multi-Gateway Stripe & Adyen Automatic Failover Router (Part 2),Sprint 28,James Wilson,Mobile Development,Medium,In Progress,89,90,80,40000,33820,-6180,2026-08-17,2026-10-22,Medium,7,None
TASK-127,Customer Portal 360,OAuth2.1 & OpenID Connect PKCE Identity Federation Layer (Part 3),Sprint 28,Carlos Mendez,Infrastructure & Cloud,Medium,Planned,0,100,0,45000,0,-45000,2026-10-18,2026-12-18,Low,2,None
TASK-128,Edge IoT Telemetry Platform,FastAPI & ONNX Runtime Model Serving with CUDA Acceleration (Part 4),Sprint 28,Maya Lin,DevSecOps,Medium,Planned,0,110,0,50000,0,-50000,2026-10-19,2026-12-19,Low,3,None
TASK-129,Nexus Cloud Core,Automated Feature Store Ingestion & Validation Pipeline (Part 1),Sprint 28,Tariq Vance,Data Science,High,Completed,100,40,37,55000,51700,-3300,2026-07-05,2026-08-15,Low,4,None
TASK-130,FinTech Payment Hub,mTLS Service-to-Service Encryption with Envoy Sidecars (Part 2),Sprint 28,Sophia Chen,Product & Design,Medium,Completed,100,50,47,60000,57300,-2700,2026-07-07,2026-08-17,Low,5,None
TASK-131,AI Predictive Engine,Container Vulnerability Scanning & SBOM Generation Pipeline (Part 3),Sprint 28,David Kim,Backend Architecture,High,Completed,100,60,58,65000,63050,-1950,2026-07-09,2026-08-19,Low,6,None
TASK-132,CyberSec Zero-Trust Guard,Automated Blue-Green Deployment Controller for Kubernetes (Part 4),Sprint 28,Priya Sharma,Data Science,Medium,Completed,100,70,69,70000,68950,-1050,2026-07-11,2026-08-21,Low,7,None
TASK-133,Omnichannel Mobile Suite,Synthetic Data Generator for Anonymized Privacy Shield (Part 1),Sprint 28,Marcus Brody,DevSecOps,High,Completed,100,80,80,15000,15000,0,2026-07-13,2026-08-23,Low,2,None
TASK-134,Data Lakehouse 2.0,Next.js 15 Server Actions & Edge Middleware Caching Layer (Part 2),Sprint 28,Alex Rivera,Frontend Engineering,Medium,In Progress,75,90,68,20000,14250,-5750,2026-08-15,2026-10-20,Low,3,None
TASK-135,Customer Portal 360,Real-Time WebSocket Heartbeat & Connection Recovery Pool (Part 3),Sprint 28,Elena Rostova,Quality Assurance,High,In Progress,82,100,82,25000,19475,-5525,2026-08-16,2026-10-21,Low,4,None
TASK-136,Edge IoT Telemetry Platform,Role-Based Access Control (RBAC) Granular Policy Engine (Part 4),Sprint 29,James Wilson,Mobile Development,Medium,In Progress,89,110,98,30000,25365,-4635,2026-08-17,2026-10-22,Medium,5,None
TASK-137,Nexus Cloud Core,Automated Canary Release Routing with Argo Rollouts (Part 1),Sprint 29,Carlos Mendez,Infrastructure & Cloud,Medium,Planned,0,40,0,35000,0,-35000,2026-10-18,2026-12-18,Low,6,None
TASK-138,FinTech Payment Hub,Snowflake Data Warehouse Reverse ETL Streaming Pipeline (Part 2),Sprint 29,Maya Lin,DevSecOps,Medium,Planned,0,50,0,40000,0,-40000,2026-10-19,2026-12-19,Low,7,None
TASK-139,AI Predictive Engine,GraphQL Federation Gateway Schema Merging & Query Planner (Part 3),Sprint 29,Tariq Vance,Data Science,High,Completed,100,60,55,45000,42300,-2700,2026-07-05,2026-08-15,Low,2,None
TASK-140,CyberSec Zero-Trust Guard,WebRTC Ultra-Low Latency Audio/Video Streaming Bridge (Part 4),Sprint 29,Sophia Chen,Product & Design,Medium,Completed,100,70,66,50000,47750,-2250,2026-07-07,2026-08-17,Low,3,None
TASK-141,Omnichannel Mobile Suite,Elasticsearch Multi-Cluster Cross-Index Search Optimizer (Part 1),Sprint 29,David Kim,Backend Architecture,High,Completed,100,80,77,55000,53350,-1650,2026-07-09,2026-08-19,Low,4,None
TASK-142,Data Lakehouse 2.0,Prometheus & OpenTelemetry Metrics Aggregator Exporter (Part 2),Sprint 29,Priya Sharma,Data Science,Medium,Completed,100,90,88,60000,59100,-900,2026-07-11,2026-08-21,Low,5,None
TASK-143,Customer Portal 360,Disaster Recovery Cross-Region Snapshot Synchronization (Part 3),Sprint 29,Marcus Brody,DevSecOps,High,Completed,100,100,100,65000,65000,0,2026-07-13,2026-08-23,Low,6,None
TASK-144,Edge IoT Telemetry Platform,Mobile Push Notification Orchestration Engine via APNs/FCM (Part 4),Sprint 29,Alex Rivera,Frontend Engineering,Medium,Blocked,75,110,83,70000,49875,-20125,2026-08-15,2026-10-20,Low,7,Awaiting InfoSec compliance sign-off
TASK-145,Nexus Cloud Core,Automated Playwright End-to-End Regression Test Suite (Part 1),Sprint 29,Elena Rostova,Quality Assurance,High,In Progress,82,40,33,15000,11685,-3315,2026-08-16,2026-10-21,Low,2,None
TASK-146,FinTech Payment Hub,Cloud Cost Allocation & Reserved Instance Optimization (Part 2),Sprint 29,James Wilson,Mobile Development,Medium,In Progress,89,50,45,20000,16910,-3090,2026-08-17,2026-10-22,Medium,3,None
TASK-147,AI Predictive Engine,Idempotent Event Sourcing Ledger for Transaction Audits (Part 3),Sprint 29,Carlos Mendez,Infrastructure & Cloud,Medium,Planned,0,60,0,25000,0,-25000,2026-10-18,2026-12-18,Low,4,None
TASK-148,CyberSec Zero-Trust Guard,Dynamic Configuration Hot-Reload Daemon with Consul (Part 4),Sprint 29,Maya Lin,DevSecOps,Medium,Planned,0,70,0,30000,0,-30000,2026-10-19,2026-12-19,Low,5,None
TASK-149,Omnichannel Mobile Suite,Terraform Multi-Cloud Infrastructure as Code Module Set (Part 1),Sprint 29,Tariq Vance,Data Science,High,Completed,100,80,74,35000,32900,-2100,2026-07-05,2026-08-15,Low,6,None
TASK-150,Data Lakehouse 2.0,Customer Churn Hazard Prediction Model v3 Deployment (Part 2),Sprint 29,Sophia Chen,Product & Design,Medium,Completed,100,90,85,40000,38200,-1800,2026-07-07,2026-08-17,Low,7,None
